<?xml version="1.0"?>
<ProjectList_v2 version="5">
   <Project name="View Project" platform="QPPlus">
      <Prompt text="Proceed with copy to CF Card?"/>
      <Delete name="\PCFlash Storage\AutoUpdate.xml"/>
      <Delete name="\PCFlash Storage\AutoUpdate2.xml"/>
      <DeleteFolder name="\PCFlash Storage\fxBackup"/>
      <DeleteFolder name="\PCFlash Storage\fxControl"/>
      <DeleteFolder name="\PCFlash Storage\fxViewRuntime_bk"/>
      <DeleteFolder name="\PCFlash Storage\Windows"/>
      <DeleteFolder name="\PCFlash Storage\Windows_bk"/>
      <CopyDirectory source="\Flash Storage\fxControl" destination="\PCFlash Storage\fxControl" clean="yes"/>
      <CopyDirectory source="\Flash Storage\fxViewRuntime" destination="\PCFlash Storage\fxViewRuntime_bk" clean="yes"/>
      <CopyDirectory source="\Flash Storage\fxBackup" destination="\PCFlash Storage\fxBackup" clean="yes"/>
      <CopyDirectory source="\Windows\BGI" destination="\PCFlash Storage\Windows\BGI" clean="yes"/>
      <CopyDirectory source="\Windows\Fonts" destination="\PCFlash Storage\Windows\Fonts" clean="yes"/>
      <CopyDirectory source="\Windows\HttpUtil.exe" destination="\PCFlash Storage\Windows\HttpUtil.exe" clean="no"/>
      <CopyDirectory source="\Windows\TrapiServer.exe" destination="\PCFlash Storage\Windows\TrapiServer.exe" clean="no"/>
      <CopyDirectory source="\Windows\CMEScriptHost.dll" destination="\PCFlash Storage\Windows\CMEScriptHost.dll" clean="no"/>
      <CopyDirectory source="\Windows\opccomn_ps.dll" destination="\PCFlash Storage\Windows\opccomn_ps.dll" clean="no"/>
      <CopyDirectory source="\Windows\opcproxy.dll" destination="\PCFlash Storage\Windows\opcproxy.dll" clean="no"/>
      <CopyDirectory source="\Windows\ScriptFunctionMgr.dll" destination="\PCFlash Storage\Windows\ScriptFunctionMgr.dll" clean="no"/>
      <CopyDirectory source="\Windows\ScriptVariable.dll" destination="\PCFlash Storage\Windows\ScriptVariable.dll" clean="no"/>
      <CopyDirectory source="\Windows\regsvr32.exe" destination="\PCFlash Storage\Windows_bk\regsvr32.exe" clean="no"/>
<!--  <CopyDirectory source="\Windows\RestorePCCard.exe" destination="\PCFlash Storage\Windows_bk\RestorePCCard.exe" clean="no"/> -->
      <CopyDirectory source="\Windows\AutoUpdate1.xml" destination="\PCFlash Storage\Windows_bk\AutoUpdate1.xml" clean="no"/>
      <CopyDirectory source="\Windows\AutoUpdate2.xml" destination="\PCFlash Storage\Windows_bk\AutoUpdate2.xml" clean="no"/>
      <CopyDirectory source="\Windows\UpdatePCCard.xml" destination="\PCFlash Storage\Windows_bk\UpdatePCCard.xml" clean="no"/>
      <CopyDirectory source="\Windows\Startup\fxView Runtime.lnk" destination="\PCFlash Storage\Windows\Startup\fxView Runtime.lnk" clean="no"/>
      <CopyDirectory source="\Windows\Desktop\fxView Runtime.lnk" destination="\PCFlash Storage\Windows\Desktop\fxView Runtime.lnk" clean="no"/>
      <CopyDirectory source="\Windows\Programs\fxView Runtime.lnk" destination="\PCFlash Storage\Windows\Programs\fxView Runtime.lnk" clean="no"/>
      <CopyDirectory source="\Windows\Startup\fxView Network.lnk" destination="\PCFlash Storage\Windows\Startup\fxView Network.lnk" clean="no"/>
      <CopyDirectory source="\Windows\Desktop\fxView Network.lnk" destination="\PCFlash Storage\Windows\Desktop\fxView Network.lnk" clean="no"/>
      <CopyDirectory source="\Windows\Programs\fxView Network.lnk" destination="\PCFlash Storage\Windows\Programs\fxView Network.lnk" clean="no"/>
      <CopyDirectory source="\Windows\Startup\View Runtime.lnk" destination="\PCFlash Storage\Windows\Startup\View Runtime.lnk" clean="no"/>
      <CopyDirectory source="\Windows\Desktop\View Runtime.lnk" destination="\PCFlash Storage\Windows\Desktop\View Runtime.lnk" clean="no"/>
      <CopyDirectory source="\Windows\Programs\View Runtime.lnk" destination="\PCFlash Storage\Windows\Programs\View Runtime.lnk" clean="no"/>
      <CopyDirectory source="\Windows\Startup\View Network.lnk" destination="\PCFlash Storage\Windows\Startup\View Network.lnk" clean="no"/>
      <CopyDirectory source="\Windows\Desktop\View Network.lnk" destination="\PCFlash Storage\Windows\Desktop\View Network.lnk" clean="no"/>
      <CopyDirectory source="\Windows\Programs\View Network.lnk" destination="\PCFlash Storage\Windows\Programs\View Network.lnk" clean="no"/>
      <CopyDirectory source="\Windows\Startup\fxControl.lnk" destination="\PCFlash Storage\Windows\Startup\fxControl.lnk" clean="no"/>
      <CopyDirectory source="\Windows\Desktop\fxControl.lnk" destination="\PCFlash Storage\Windows\Desktop\fxControl.lnk" clean="no"/>
      <CopyDirectory source="\Windows\Programs\fxControl.lnk" destination="\PCFlash Storage\Windows\Programs\fxControl.lnk" clean="no"/>
      <CopyDirectory source="\Flash Storage\splash.bmp" destination="\PCFlash Storage\splash.bmp" clean="no"/>
      <CopyDirectory source="\Windows\Desktop\Backup.lnk" destination="\PCFlash Storage\init.ctl" clean="no"/>
      <CopyDirectory source="\Windows\folder.bin" destination="\PCFlash Storage\Windows\folder.bin" clean="no"/>
      <CopyDirectory source="\Windows\secdata.bin" destination="\PCFlash Storage\Windows\secdata.bin" clean="no"/>
      <CopyDirectory source="\Windows\SecPwd.txt" destination="\PCFlash Storage\Windows\SecPwd.txt" clean="no"/>
      <CopyDirectory source="\Windows\AutoUpdate.xml" destination="\PCFlash Storage\AutoUpdate.xml" clean="no"/>
      <CopyDirectory source="\Windows\AutoUpdate2.xml" destination="\PCFlash Storage\AutoUpdate2.xml" clean="no"/>
   </Project>
</ProjectList_v2>
